id;program;family;phone_number;address;start_date;end_date;remark;booking_date;jhi_desc;status;created_date;created_by;last_modified_date;last_modified_by
1;SEHAJ_PATH;protocol Indian Rupee Ngultrum Graphical User Interface;bypassing;IB;2020-09-01;2020-09-02;New Jersey;2020-09-02T12:20:43;pixel Sleek Plastic Table;COMPLETED;2020-09-02T10:15:37;leading-edge fuchsia;2020-09-02T09:36:13;port Generic Fresh Chair
2;AKHAND_PATH;viral generate Shirt;Gourde US Dollar fuchsia mint green;Buckinghamshire;2020-09-02;2020-09-02;Computer RSS 4th generation;2020-09-01T20:46:05;transmitter card;PAID;2020-09-02T02:24:55;Electronics;2020-09-02T07:59:40;yellow moderator architectures
3;SEHAJ_PATH;back-end Personal Loan Account;uniform foreground Unbranded Rubber Soap;blue User-centric Incredible;2020-09-02;2020-09-02;parse;2020-09-02T16:19:29;FTP blue Towels;PAID;2020-09-01T23:06:51;alarm Rustic Configuration;2020-09-02T18:03:31;SQL
4;AKHAND_PATH;asymmetric Rubber Credit Card Account;SMS;gold programming;2020-09-02;2020-09-02;optical Solutions Internal;2020-09-02T10:49:19;Kids Borders Handcrafted;PAID;2020-09-01T22:33:48;SMS payment;2020-09-02T01:39:30;robust
5;SEHAJ_PATH;didactic;bypassing;database Self-enabling;2020-09-02;2020-09-01;GB Strategist;2020-09-02T18:39:47;invoice driver;COMPLETED;2020-09-01T18:56:07;Money Market Account Producer Walk;2020-09-01T20:55:55;Concrete
6;SEHAJ_PATH;Tasty Cotton Soap Borders Berkshire;Keyboard;Borders;2020-09-02;2020-09-01;Albania North Carolina Concrete;2020-09-01T23:57:03;North Dakota Avon;BOOKED;2020-09-02T07:33:15;users;2020-09-02T09:17:56;back-end
7;AKHAND_PATH;Managed Outdoors;Glens emulation Gorgeous Wooden Computer;Gorgeous Granite Cheese;2020-09-01;2020-09-02;Belgium Refined Granite Tuna Pennsylvania;2020-09-02T03:51:02;uniform Agent;COMPLETED;2020-09-01T20:10:41;Interactions;2020-09-02T10:42:28;regional
8;SEHAJ_PATH;sky blue hack Music;indexing;Forward firmware utilize;2020-09-02;2020-09-02;invoice niches invoice;2020-09-02T12:00:08;Berkshire;COMPLETED;2020-09-02T06:40:54;Manager fresh-thinking withdrawal;2020-09-02T17:27:33;District indexing Small Soft Pants
9;AKHAND_PATH;Bouvet Island (Bouvetoya) Malaysian Ringgit virtual;United Kingdom e-business Personal Loan Account;asymmetric;2020-09-02;2020-09-02;Buckinghamshire Wyoming;2020-09-02T00:02:01;Frozen holistic;COMPLETED;2020-09-02T08:30:48;Investment Account Fish aggregate;2020-09-02T12:55:36;Plaza
10;SEHAJ_PATH;Guyana Berkshire upward-trending;approach;Euro;2020-09-01;2020-09-02;Rubber;2020-09-02T10:46:52;partnerships Avon;REQUESTED;2020-09-02T07:09:01;sensor;2020-09-02T07:41:13;Producer XSS Tools
