id;program_type;start_date;end_date;report;report_content_type;created_date;created_by;last_modified_date;last_modified_by
1;FUNERAL_SEHAJ_PATH_BHOG;2020-09-04;2020-09-04;../fake-data/blob/hipster.png;image/png;2020-09-04T03:43:48;Avon;2020-09-04T04:40:33;vertical RSS Bedfordshire
2;AKHAND_PATH_SAHIB;2020-09-04;2020-09-04;../fake-data/blob/hipster.png;image/png;2020-09-04T07:45:48;Coordinator Personal Loan Account;2020-09-04T12:17:59;Arizona
3;SUKHMANI_SAHIB;2020-09-04;2020-09-04;../fake-data/blob/hipster.png;image/png;2020-09-04T16:14:49;Uganda Shilling Spurs;2020-09-04T01:21:22;Taka
4;SEHAJ_PATH_START;2020-09-04;2020-09-04;../fake-data/blob/hipster.png;image/png;2020-09-04T01:13:15;Identity;2020-09-04T05:56:39;withdrawal Borders
5;FUNERAL_SEHAJ_PATH_BHOG;2020-09-04;2020-09-04;../fake-data/blob/hipster.png;image/png;2020-09-04T13:50:06;partnerships function;2020-09-04T05:57:36;Product Borders
6;AKHAND_PATH_SAHIB;2020-09-03;2020-09-04;../fake-data/blob/hipster.png;image/png;2020-09-04T00:49:38;ROI RSS Chair;2020-09-04T19:19:50;AGP Sleek Frozen Tuna
7;SEHAJ_PATH_START;2020-09-04;2020-09-04;../fake-data/blob/hipster.png;image/png;2020-09-04T00:52:37;redefine;2020-09-04T09:29:14;standardization Tala Ergonomic
8;SUKHMANI_SAHIB_AT_HOME;2020-09-04;2020-09-04;../fake-data/blob/hipster.png;image/png;2020-09-04T09:02:26;vortals Bond Markets Units European Composite Unit (EURCO);2020-09-04T13:24:42;scalable Devolved
9;SUKHMANI_SAHIB_AT_HOME;2020-09-04;2020-09-04;../fake-data/blob/hipster.png;image/png;2020-09-04T16:51:03;transmitter;2020-09-04T08:59:57;invoice
10;SEHAJ_PATH_BHOG;2020-09-04;2020-09-03;../fake-data/blob/hipster.png;image/png;2020-09-04T16:41:46;tan 6th generation;2020-09-03T22:32:53;Metal Handmade Rubber Mouse
