id;path_type;start_date;end_date;report;report_content_type;created_date;created_by;last_modified_date;last_modified_by
1;SEHAJ_PATH;2020-09-04;2020-09-04;../fake-data/blob/hipster.png;image/png;2020-09-03T22:11:22;e-markets Specialist;2020-09-04T03:59:22;Avon
2;AKHAND_PATH;2020-09-04;2020-09-04;../fake-data/blob/hipster.png;image/png;2020-09-04T18:36:04;back up;2020-09-04T04:45:17;optical
3;AKHAND_PATH;2020-09-04;2020-09-04;../fake-data/blob/hipster.png;image/png;2020-09-04T14:48:16;gold reboot;2020-09-04T02:14:23;navigating Inverse
4;AKHAND_PATH;2020-09-04;2020-09-04;../fake-data/blob/hipster.png;image/png;2020-09-04T01:45:45;Gabon Steel;2020-09-04T16:33:15;24 hour RAM Creative
5;AKHAND_PATH;2020-09-04;2020-09-03;../fake-data/blob/hipster.png;image/png;2020-09-04T00:05:48;Tasty Guyana Dollar;2020-09-04T21:35:24;Communications system-worthy
6;SEHAJ_PATH;2020-09-04;2020-09-04;../fake-data/blob/hipster.png;image/png;2020-09-04T04:39:55;azure Investment Account Turks and Caicos Islands;2020-09-04T19:01:33;Berkshire
7;AKHAND_PATH;2020-09-04;2020-09-04;../fake-data/blob/hipster.png;image/png;2020-09-04T11:34:07;green driver experiences;2020-09-04T03:28:31;Soap policy synthesize
8;SEHAJ_PATH;2020-09-04;2020-09-04;../fake-data/blob/hipster.png;image/png;2020-09-04T21:21:12;Ball;2020-09-04T13:30:04;indexing
9;SEHAJ_PATH;2020-09-04;2020-09-04;../fake-data/blob/hipster.png;image/png;2020-09-04T17:48:26;Car Checking Account;2020-09-04T06:30:05;Arkansas payment Personal Loan Account
10;AKHAND_PATH;2020-09-03;2020-09-04;../fake-data/blob/hipster.png;image/png;2020-09-03T22:31:57;Sleek Concrete Soap solution-oriented;2020-09-04T04:19:17;Executive Personal Loan Account Universal
