id;rev_type;start_date;end_date;report;report_content_type;created_date;created_by;last_modified_date;last_modified_by
1;GOLAK;2020-09-04;2020-09-04;../fake-data/blob/hipster.png;image/png;2020-09-04T03:03:18;moderator Florida;2020-09-04T21:28:52;global Money Market Account Agent
2;SEHAJ_PATH_BHETA;2020-09-04;2020-09-04;../fake-data/blob/hipster.png;image/png;2020-09-04T03:47:45;parse Product Colombian Peso Unidad de Valor Real;2020-09-04T07:28:53;Berkshire
3;PROGRAM;2020-09-04;2020-09-04;../fake-data/blob/hipster.png;image/png;2020-09-04T07:45:44;Generic ubiquitous Savings Account;2020-09-04T10:21:21;bus
4;SEHAJ_PATH_BHETA;2020-09-04;2020-09-04;../fake-data/blob/hipster.png;image/png;2020-09-04T05:24:22;scalable turquoise;2020-09-04T10:13:10;Checking Account primary
5;SEHAJ_PATH_BHETA;2020-09-04;2020-09-03;../fake-data/blob/hipster.png;image/png;2020-09-04T11:40:17;Central;2020-09-04T03:30:17;Philippine Peso
6;PROGRAM;2020-09-03;2020-09-04;../fake-data/blob/hipster.png;image/png;2020-09-04T17:34:36;Networked dynamic payment;2020-09-04T06:24:58;Comoros Lakes
7;PROGRAM;2020-09-04;2020-09-04;../fake-data/blob/hipster.png;image/png;2020-09-04T03:25:49;Kenyan Shilling Handcrafted;2020-09-04T16:32:16;gold override
8;PROGRAM;2020-09-04;2020-09-04;../fake-data/blob/hipster.png;image/png;2020-09-04T11:13:25;scale;2020-09-04T12:58:47;frictionless e-services
9;GOLAK;2020-09-04;2020-09-04;../fake-data/blob/hipster.png;image/png;2020-09-04T13:09:57;Automotive Bacon Licensed Steel Shoes;2020-09-03T21:58:14;National Rustic Concrete Fish
10;SEHAJ_PATH_BHETA;2020-09-04;2020-09-04;../fake-data/blob/hipster.png;image/png;2020-09-04T16:43:01;Ball Garden teal;2020-09-04T06:37:15;green
